sucursal,evaluable,escenario,mix_congelado,demanda_dia_kg,inv_objetivo_cong_kg,inv_objetivo_refr_kg,req_cong_kg,req_refr_kg,pos_req_cong,pos_req_refr,pos_req_total,pos_disp_cong,pos_disp_refr,pos_disp_total,rho_congelado,rho_refrigerado,rho_almacen_rigido,rho_almacen_flexible,valor_flexibilidad,hh_requeridas_mes,hh_disponibles_mes,rho_mano_obra,rho_binding,cuello_botella,rho_compuesto,clase,holgura_crecimiento,doh_politica_ponderado,doh_fisico_disponible,factor_politica,factor_operacion,rotaciones_mes,share_cong_instalado,share_cong_requerido,desbalance_camara,deficit_pos_cong,deficit_pos_refr,deficit_pos_neto,imputados
Valdivia,True,P2_peak,0.190513,26837.910644,18586.16785,39733.589432,33742.21381,72134.249558,73.512448,157.155228,230.667676,9.255556,157.344444,166.6,7.942521,0.998797,7.942521,1.38456,6.557962,1620.924603,1620.0,1.000571,7.942521,almacenamiento congelado,6.9906,desbordada,-0.874095,2.173036,3.353465,0.647997,2.135821,9.077178,0.055556,0.318694,0.263139,64.256893,0.0,64.067676,[]
Calama,True,P2_peak,0.190513,20110.21682,21181.603536,28331.669421,38454.091295,51434.661243,83.777977,112.058085,195.836062,13.082041,37.067959,50.15,6.404045,3.023044,6.404045,3.905006,2.499039,1229.226908,1260.0,0.975577,6.404045,almacenamiento congelado,5.636781,desbordada,-0.843849,2.462095,1.336087,1.842766,2.135821,22.782947,0.260858,0.427796,0.166938,70.695936,74.990126,145.686062,[]
Osorno,True,P2_peak,0.190513,33714.487516,22195.170682,65189.504107,40294.169337,118348.12875,87.786861,257.83906,345.625922,18.563218,142.936782,161.5,4.729076,1.803868,4.729076,2.140099,2.588977,2546.573201,2520.0,1.010545,4.729076,almacenamiento congelado,4.16356,desbordada,-0.788542,2.591903,2.580493,1.004422,2.135821,11.796195,0.114943,0.253994,0.139051,69.223643,114.902279,184.125922,[]
Chillán,True,P2_peak,0.190513,71962.155059,46798.178858,123306.215477,84959.641474,223855.972905,185.097258,487.703645,672.800903,40.358456,143.241544,183.6,4.586332,3.404764,4.586332,3.664493,0.921839,3836.301226,3780.0,1.014895,4.586332,almacenamiento congelado,4.038096,desbordada,-0.781961,2.363804,1.379711,1.713259,2.135821,22.062586,0.219817,0.275114,0.055297,144.738802,344.4621,489.200903,[]
Iquique,True,P2_peak,0.190513,31260.775296,32703.890881,47021.170639,59372.200198,85364.471368,129.351199,185.97924,315.330439,37.090909,85.309091,122.4,3.48741,2.180064,3.48741,2.576229,0.911181,1788.680451,1800.0,0.993711,3.48741,almacenamiento congelado,3.072677,desbordada,-0.713254,2.550323,2.111272,1.207955,2.135821,14.417848,0.30303,0.410208,0.107178,92.26029,100.67015,192.930439,[]
Arica,True,P2_peak,0.190513,18304.960578,18186.44233,28890.22705,33016.533073,52448.69335,71.931445,114.267306,186.19875,22.297674,57.602326,79.9,3.225962,1.983727,3.225962,2.330397,0.895564,1075.681467,1080.0,0.996001,3.225962,almacenamiento congelado,2.843497,desbordada,-0.690015,2.571798,2.34909,1.094806,2.135821,12.958209,0.27907,0.386315,0.107246,49.63377,56.66498,106.29875,[]
Puerto Montt,True,P2_peak,0.190513,56310.183968,37668.127201,115274.699041,68384.511109,209275.175669,148.985863,455.937202,604.923065,70.067658,150.932342,221.0,2.126314,3.020805,3.020805,2.737208,0.283597,3441.931727,3240.0,1.062325,3.020805,almacenamiento refrigerado,2.665397,desbordada,-0.668962,2.716078,2.118462,1.282099,2.135821,14.368913,0.317048,0.246289,-0.070759,78.918205,305.00486,383.923065,[]
Hijuelas,True,P2_peak,0.190513,46517.017083,31435.157643,86274.493918,57068.881486,156626.822891,124.333075,341.234908,465.567983,42.673656,129.876344,172.55,2.913579,2.627383,2.913579,2.698163,0.215416,3006.322718,3060.0,0.982458,2.913579,almacenamiento congelado,2.569783,desbordada,-0.65678,2.530464,1.999268,1.265695,2.135821,15.22557,0.247312,0.267057,0.019745,81.659419,211.358564,293.017983,[]
Los Ángeles,True,P2_peak,0.190513,51589.553219,34559.125987,95067.750308,62740.282318,172590.519097,136.689068,376.014203,512.703271,49.530783,276.869217,326.4,2.759679,1.358093,2.759679,1.570782,1.188897,3271.6375,3240.0,1.009765,2.759679,almacenamiento congelado,2.43605,desbordada,-0.637639,2.512657,3.42013,0.734667,2.135821,8.900245,0.151749,0.266605,0.114856,87.158285,99.144986,186.303271,[]
Temuco,True,P2_peak,0.190513,90529.13929,64887.698305,161908.335142,117800.216131,293936.098391,256.645351,640.383657,897.029008,95.146178,263.553822,358.7,2.697379,2.429802,2.697379,2.500778,0.196602,5093.728281,5040.0,1.01066,2.697379,almacenamiento congelado,2.381755,desbordada,-0.62927,2.505227,2.139123,1.171147,2.135821,14.230128,0.265253,0.286106,0.020853,161.499173,376.829835,538.329008,[]
San Antonio,True,P2_peak,0.190513,28943.823916,19132.836453,58880.325006,34734.662012,106894.144696,75.674645,232.884847,308.559492,29.630743,118.269257,147.9,2.553923,1.969107,2.553923,2.086271,0.467652,2591.323529,2520.0,1.028303,2.553923,almacenamiento congelado,2.25752,desbordada,-0.608446,2.69533,2.759241,0.976837,2.135821,11.032017,0.200343,0.245251,0.044908,46.043902,114.615589,160.659492,[]
Huechuraba,True,P2_peak,0.190513,118991.064389,63517.810156,220544.750391,115313.25598,400387.437703,251.227137,872.303786,1123.530923,130.079674,347.620326,477.7,1.931333,2.509358,2.509358,2.351959,0.157399,11283.76324,9000.0,1.253751,2.509358,almacenamiento refrigerado,2.231104,desbordada,-0.601492,2.38726,2.166549,1.101872,2.135821,14.049992,0.272304,0.223605,-0.048699,121.147463,524.68346,645.830923,[]
Punta Arenas,True,P2_peak,0.190513,20576.708279,38076.362509,59524.996483,69125.640918,108064.511982,150.600525,235.434667,386.035192,129.526923,111.023077,240.55,1.162697,2.120592,2.120592,1.604802,0.51579,1565.8875,1620.0,0.966597,2.120592,almacenamiento refrigerado,1.879643,desbordada,-0.528434,4.743293,6.317823,0.75078,2.135821,4.818115,0.538462,0.390121,-0.14834,21.073602,124.41159,145.485192,[]
Antofagasta,True,P2_peak,0.190513,94881.997372,102111.710707,185241.834371,185378.460094,336296.843555,403.874641,732.672862,1136.547503,237.016615,364.783385,601.8,1.703993,2.008515,2.008515,1.88858,0.119935,5093.84127,5760.0,0.884347,2.008515,almacenamiento refrigerado,1.778688,desbordada,-0.50212,3.028536,3.425307,0.884165,2.135821,8.886794,0.393846,0.355352,-0.038494,166.858025,367.889477,534.747503,[]
Concepción,True,P2_peak,0.190513,87646.944809,51111.382052,156494.301111,92790.035859,284107.203304,202.156941,618.969942,821.126883,129.526923,351.573077,481.1,1.560733,1.760573,1.760573,1.70677,0.053803,4747.282918,4860.0,0.976807,1.760573,almacenamiento refrigerado,1.573413,desbordada,-0.432003,2.368659,2.966447,0.798483,2.135821,10.261435,0.269231,0.246195,-0.023036,72.630018,267.396865,340.026883,[]
Rancagua,True,P2_peak,0.190513,80333.212878,47655.611393,151258.298961,86516.265311,274601.515769,188.488595,598.260383,786.748978,140.510015,369.489985,510.0,1.34146,1.619152,1.619152,1.542645,0.076507,5041.94433,5220.0,0.96589,1.619152,almacenamiento refrigerado,1.454204,desbordada,-0.382393,2.47611,3.430462,0.721801,2.135821,8.873441,0.27551,0.239579,-0.035931,47.97858,228.770398,276.748978,[]
Viña del Mar,True,P2_peak,0.190513,68012.582129,39832.914467,122513.759996,72314.568954,222417.311504,157.548081,484.569306,642.117387,103.733865,361.216135,464.95,1.518772,1.341494,1.518772,1.381046,0.137726,4590.472284,4680.0,0.98087,1.518772,almacenamiento congelado,1.373866,desbordada,-0.341573,2.387009,3.690494,0.646799,2.135821,8.248219,0.223108,0.245357,0.02225,53.814216,123.353171,177.167387,[]
Copiapó,True,P2_peak,0.190513,26653.055191,18727.651838,53609.931446,33999.070575,97326.021358,74.072049,212.039262,286.111311,131.84967,163.95033,295.8,0.561792,1.293314,1.293314,0.967246,0.326068,1969.220874,1980.0,0.994556,1.293314,almacenamiento refrigerado,1.199484,desbordada,-0.226793,2.714045,5.99496,0.452721,2.135821,5.077599,0.445739,0.258892,-0.186847,0.0,48.088932,0.0,[]
Coquimbo,True,P2_peak,0.190513,60393.363995,38268.645463,113510.30718,69474.720545,206072.0147,151.361047,448.958638,600.319685,127.240016,399.759984,527.0,1.189571,1.12307,1.189571,1.139127,0.050445,4076.217295,4140.0,0.984594,1.189571,almacenamiento congelado,1.120687,desbordada,-0.159361,2.513173,4.71522,0.532992,2.135821,6.45569,0.241442,0.252134,0.010692,24.121031,49.198654,73.319685,[]
Miraflores,True,P2_peak,0.190513,159761.629435,94011.118408,297198.544871,170672.259249,539548.384893,371.834987,1175.486677,1547.321665,419.792069,1164.607931,1584.4,0.88576,1.009341,1.009341,0.976598,0.032743,8762.421622,11160.0,0.785163,1.009341,almacenamiento refrigerado,0.93819,critica,-0.009255,2.448709,5.354296,0.457335,2.135821,5.685155,0.264953,0.240309,-0.024645,0.0,10.878746,0.0,[]
